board제목,content내용
board제목,content내용
board제목,content내용
board제목,content내용
board제목,content내용
board제목,content내용
board제목,content내용
board제목,content내용
board제목,content내용
board제목,content내용
board제목,content내용
board제목,content내용
board제목,content내용
board제목,content내용
board제목,content내용
board제목,content내용
board제목,content내용
board제목,content내용
board제목,content내용
board제목,content내용
board제목,content내용
board제목,content내용
board제목,content내용
board제목,content내용
board제목,content내용
board제목,content내용
board제목,content내용
board제목,content내용
board제목,content내용
board제목,content내용
board제목,content내용
board제목,content내용
board제목,content내용
board제목,content내용
board제목,content내용
board제목,content내용
board제목,content내용
board제목,content내용
board제목,content내용
board제목,content내용
board제목,content내용
board제목,content내용
board제목,content내용
board제목,content내용
board제목,content내용
board제목,content내용
board제목,content내용
board제목,content내용
board제목,content내용
board제목,content내용
board제목,content내용
board제목,content내용
board제목,content내용
board제목,content내용
board제목,content내용
board제목,content내용
board제목,content내용
board제목,content내용
board제목,content내용
board제목,content내용
board제목,content내용
board제목,content내용
board제목,content내용
board제목,content내용
board제목,content내용
board제목,content내용
board제목,content내용
board제목,content내용
board제목,content내용
board제목,content내용
board제목,content내용
board제목,content내용
board제목,content내용
board제목,content내용
board제목,content내용
board제목,content내용
board제목,content내용
board제목,content내용
board제목,content내용
board제목,content내용
board제목,content내용
board제목,content내용
board제목,content내용
board제목,content내용
board제목,content내용
board제목,content내용
board제목,content내용
board제목,content내용
board제목,content내용
board제목,content내용
board제목,content내용
board제목,content내용
board제목,content내용
board제목,content내용
board제목,content내용
board제목,content내용
board제목,content내용
board제목,content내용
board제목,content내용
board제목,content내용